{"name":"raghu543_ipl-data-till-2017","title":"IPL Data Till 2017","description":"Ball By Ball Data of all the IPL seasons (637 matches including 2017)\n\nA Complete datawarehouse\n\nThis data set has the ball by ball data of all the Indian Premier League (IPL) matches till 2017 season.\n\nSource: http://cricsheet.org/ (data is available on this website in the YAML format. This is converted to CSV format by using R Script ,SQL,SSIS.\n\nResearch scope: Predicting the winner of the next season of IPL based on past data, Visualizations, Perspectives, etc.\n\nAnybody who is a cricket Fan should surely try to analyse this dataset as it would help you in learning with a fun factor. I have tried my best to keep this notebook as simple as possible so that even a beginner can understand it easily. At the same time I have made efforts to analyse the dataset in different aspects effectively. I will keep updating the notebook as and when I come up with new things. Hope you like it!!!","homepage":"https://data.world/raghu543/ipl-data-till-2017","license":"Public Domain","resources":[{"name":"ball_by_ball","schema":{"fields":[{"name":"match_id","title":"MatcH_id","description":"Unique ID for an IPL Match","type":"integer","rdfType":"http://www.w3.org/2001/XMLSchema#integer","dwSourceId":"match_id"},{"name":"over_id","title":"Over_id","description":"Number which uniquely Identifies an over in an Innings","type":"integer","rdfType":"http://www.w3.org/2001/XMLSchema#integer","dwSourceId":"over_id"},{"name":"ball_id","title":"Ball_id","description":"Number which uniquely Identifies an ball in an over","type":"integer","rdfType":"http://www.w3.org/2001/XMLSchema#integer","dwSourceId":"ball_id"},{"name":"innings_no","title":"Innings_No","type":"integer","rdfType":"http://www.w3.org/2001/XMLSchema#integer","dwSourceId":"innings_no"},{"name":"team_batting","title":"Team_Batting","type":"string","rdfType":"http://www.w3.org/2001/XMLSchema#string","dwSourceId":"team_batting"},{"name":"team_bowling","title":"Team_Bowling","type":"string","rdfType":"http://www.w3.org/2001/XMLSchema#string","dwSourceId":"team_bowling"},{"name":"striker_batting_position","title":"Striker_Batting_Position","type":"integer","rdfType":"http://www.w3.org/2001/XMLSchema#integer","dwSourceId":"striker_batting_position"},{"name":"extra_type","title":"Extra_Type","type":"string","rdfType":"http://www.w3.org/2001/XMLSchema#string","dwSourceId":"extra_type"},{"name":"runs_scored","title":"Runs_Scored","type":"integer","rdfType":"http://www.w3.org/2001/XMLSchema#integer","dwSourceId":"runs_scored"},{"name":"extra_runs","title":"Extra_runs","type":"integer","rdfType":"http://www.w3.org/2001/XMLSchema#integer","dwSourceId":"extra_runs"},{"name":"wides","title":"Wides","type":"integer","rdfType":"http://www.w3.org/2001/XMLSchema#integer","dwSourceId":"wides"},{"name":"legbyes","title":"Legbyes","type":"integer","rdfType":"http://www.w3.org/2001/XMLSchema#integer","dwSourceId":"legbyes"},{"name":"byes","title":"Byes","type":"integer","rdfType":"http://www.w3.org/2001/XMLSchema#integer","dwSourceId":"byes"},{"name":"noballs","title":"Noballs","type":"integer","rdfType":"http://www.w3.org/2001/XMLSchema#integer","dwSourceId":"noballs"},{"name":"penalty","title":"Penalty","type":"integer","rdfType":"http://www.w3.org/2001/XMLSchema#integer","dwSourceId":"penalty"},{"name":"bowler_extras","title":"Bowler_Extras","type":"integer","rdfType":"http://www.w3.org/2001/XMLSchema#integer","dwSourceId":"bowler_extras"},{"name":"out_type","title":"Out_type","type":"string","rdfType":"http://www.w3.org/2001/XMLSchema#string","dwSourceId":"out_type"},{"name":"caught","title":"Caught","type":"boolean","rdfType":"http://www.w3.org/2001/XMLSchema#boolean","dwSourceId":"caught"},{"name":"bowled","title":"Bowled","type":"boolean","rdfType":"http://www.w3.org/2001/XMLSchema#boolean","dwSourceId":"bowled"},{"name":"run_out","title":"Run_out","type":"boolean","rdfType":"http://www.w3.org/2001/XMLSchema#boolean","dwSourceId":"run_out"},{"name":"lbw","title":"LBW","type":"boolean","rdfType":"http://www.w3.org/2001/XMLSchema#boolean","dwSourceId":"lbw"},{"name":"retired_hurt","title":"Retired_hurt","type":"boolean","rdfType":"http://www.w3.org/2001/XMLSchema#boolean","dwSourceId":"retired_hurt"},{"name":"stumped","title":"Stumped","type":"boolean","rdfType":"http://www.w3.org/2001/XMLSchema#boolean","dwSourceId":"stumped"},{"name":"caught_and_bowled","title":"caught_and_bowled","type":"boolean","rdfType":"http://www.w3.org/2001/XMLSchema#boolean","dwSourceId":"caught_and_bowled"},{"name":"hit_wicket","title":"hit_wicket","type":"boolean","rdfType":"http://www.w3.org/2001/XMLSchema#boolean","dwSourceId":"hit_wicket"},{"name":"obstructingfeild","title":"ObstructingFeild","type":"boolean","rdfType":"http://www.w3.org/2001/XMLSchema#boolean","dwSourceId":"obstructingfeild"},{"name":"bowler_wicket","title":"Bowler_Wicket","type":"boolean","rdfType":"http://www.w3.org/2001/XMLSchema#boolean","dwSourceId":"bowler_wicket"},{"name":"match_date","title":"Match_Date","type":"date","rdfType":"http://www.w3.org/2001/XMLSchema#date","dwSourceId":"match_date"},{"name":"season","title":"Season","type":"integer","rdfType":"http://www.w3.org/2001/XMLSchema#integer","dwSourceId":"season"},{"name":"striker","title":"Striker","type":"integer","rdfType":"http://www.w3.org/2001/XMLSchema#integer","dwSourceId":"striker"},{"name":"non_striker","title":"Non_Striker","type":"integer","rdfType":"http://www.w3.org/2001/XMLSchema#integer","dwSourceId":"non_striker"},{"name":"bowler","title":"Bowler","type":"integer","rdfType":"http://www.w3.org/2001/XMLSchema#integer","dwSourceId":"bowler"},{"name":"player_out","title":"Player_Out","type":"integer","rdfType":"http://www.w3.org/2001/XMLSchema#integer","dwSourceId":"player_out"},{"name":"fielders","title":"Fielders","type":"integer","rdfType":"http://www.w3.org/2001/XMLSchema#integer","dwSourceId":"fielders"},{"name":"striker_match_sk","title":"Striker_match_SK","type":"integer","rdfType":"http://www.w3.org/2001/XMLSchema#integer","dwSourceId":"striker_match_sk"},{"name":"strikersk","title":"StrikerSK","type":"integer","rdfType":"http://www.w3.org/2001/XMLSchema#integer","dwSourceId":"strikersk"},{"name":"nonstriker_match_sk","title":"NonStriker_match_SK","type":"integer","rdfType":"http://www.w3.org/2001/XMLSchema#integer","dwSourceId":"nonstriker_match_sk"},{"name":"nonstriker_sk","title":"NONStriker_SK","type":"integer","rdfType":"http://www.w3.org/2001/XMLSchema#integer","dwSourceId":"nonstriker_sk"},{"name":"fielder_match_sk","title":"Fielder_match_SK","type":"integer","rdfType":"http://www.w3.org/2001/XMLSchema#integer","dwSourceId":"fielder_match_sk"},{"name":"fielder_sk","title":"Fielder_SK","type":"integer","rdfType":"http://www.w3.org/2001/XMLSchema#integer","dwSourceId":"fielder_sk"},{"name":"bowler_match_sk","title":"Bowler_match_SK","type":"integer","rdfType":"http://www.w3.org/2001/XMLSchema#integer","dwSourceId":"bowler_match_sk"},{"name":"bowler_sk","title":"BOWLER_SK","type":"integer","rdfType":"http://www.w3.org/2001/XMLSchema#integer","dwSourceId":"bowler_sk"},{"name":"playerout_match_sk","title":"PlayerOut_match_SK","type":"integer","rdfType":"http://www.w3.org/2001/XMLSchema#integer","dwSourceId":"playerout_match_sk"},{"name":"battingteam_sk","title":"BattingTeam_SK","type":"integer","rdfType":"http://www.w3.org/2001/XMLSchema#integer","dwSourceId":"battingteam_sk"},{"name":"bowlingteam_sk","title":"BowlingTeam_SK","type":"integer","rdfType":"http://www.w3.org/2001/XMLSchema#integer","dwSourceId":"bowlingteam_sk"},{"name":"keeper_catch","title":"Keeper_Catch","type":"boolean","rdfType":"http://www.w3.org/2001/XMLSchema#boolean","dwSourceId":"keeper_catch"},{"name":"player_out_sk","title":"Player_out_sk","type":"integer","rdfType":"http://www.w3.org/2001/XMLSchema#integer","dwSourceId":"player_out_sk"},{"name":"matchdatesk","title":"MatchDateSK","type":"date","rdfType":"http://www.w3.org/2001/XMLSchema#date","dwSourceId":"matchdatesk"}]},"path":"data/ball_by_ball.csv","format":"csv"},{"name":"match","schema":{"fields":[{"name":"match_sk","title":"Match_SK","type":"integer","rdfType":"http://www.w3.org/2001/XMLSchema#integer","dwSourceId":"match_sk"},{"name":"match_id","title":"match_id","type":"integer","rdfType":"http://www.w3.org/2001/XMLSchema#integer","dwSourceId":"match_id"},{"name":"team1","title":"Team1","type":"string","rdfType":"http://www.w3.org/2001/XMLSchema#string","dwSourceId":"team1"},{"name":"team2","title":"Team2","type":"string","rdfType":"http://www.w3.org/2001/XMLSchema#string","dwSourceId":"team2"},{"name":"match_date","title":"match_date","type":"date","rdfType":"http://www.w3.org/2001/XMLSchema#date","dwSourceId":"match_date"},{"name":"season_year","title":"Season_Year","type":"gyear","rdfType":"http://www.w3.org/2001/XMLSchema#gYear","dwSourceId":"season_year"},{"name":"venue_name","title":"Venue_Name","type":"string","rdfType":"http://www.w3.org/2001/XMLSchema#string","dwSourceId":"venue_name"},{"name":"city_name","title":"City_Name","type":"string","rdfType":"http://www.w3.org/2001/XMLSchema#string","dwSourceId":"city_name"},{"name":"country_name","title":"Country_Name","type":"string","rdfType":"http://www.w3.org/2001/XMLSchema#string","dwSourceId":"country_name"},{"name":"toss_winner","title":"Toss_Winner","type":"string","rdfType":"http://www.w3.org/2001/XMLSchema#string","dwSourceId":"toss_winner"},{"name":"match_winner","title":"match_winner","type":"string","rdfType":"http://www.w3.org/2001/XMLSchema#string","dwSourceId":"match_winner"},{"name":"toss_name","title":"Toss_Name","type":"string","rdfType":"http://www.w3.org/2001/XMLSchema#string","dwSourceId":"toss_name"},{"name":"win_type","title":"Win_Type","type":"string","rdfType":"http://www.w3.org/2001/XMLSchema#string","dwSourceId":"win_type"},{"name":"outcome_type","title":"Outcome_Type","type":"string","rdfType":"http://www.w3.org/2001/XMLSchema#string","dwSourceId":"outcome_type"},{"name":"manofmach","title":"ManOfMach","type":"string","rdfType":"http://www.w3.org/2001/XMLSchema#string","dwSourceId":"manofmach"},{"name":"win_margin","title":"Win_Margin","type":"integer","rdfType":"http://www.w3.org/2001/XMLSchema#integer","dwSourceId":"win_margin"},{"name":"country_id","title":"Country_id","type":"integer","rdfType":"http://www.w3.org/2001/XMLSchema#integer","dwSourceId":"country_id"}]},"path":"data/match.csv","format":"csv"},{"name":"player","schema":{"fields":[{"name":"player_sk","title":"PLAYER_SK","type":"integer","rdfType":"http://www.w3.org/2001/XMLSchema#integer","dwSourceId":"player_sk"},{"name":"player_id","title":"Player_Id","type":"integer","rdfType":"http://www.w3.org/2001/XMLSchema#integer","dwSourceId":"player_id"},{"name":"player_name","title":"Player_Name","type":"string","rdfType":"http://www.w3.org/2001/XMLSchema#string","dwSourceId":"player_name"},{"name":"dob","title":"DOB","type":"date","rdfType":"http://www.w3.org/2001/XMLSchema#date","dwSourceId":"dob"},{"name":"batting_hand","title":"Batting_hand","type":"string","rdfType":"http://www.w3.org/2001/XMLSchema#string","dwSourceId":"batting_hand"},{"name":"bowling_skill","title":"Bowling_skill","type":"string","rdfType":"http://www.w3.org/2001/XMLSchema#string","dwSourceId":"bowling_skill"},{"name":"country_name","title":"Country_Name","type":"string","rdfType":"http://www.w3.org/2001/XMLSchema#string","dwSourceId":"country_name"}]},"path":"data/player.csv","format":"csv"},{"name":"player_match","schema":{"fields":[{"name":"player_match_sk","title":"Player_match_SK","type":"integer","rdfType":"http://www.w3.org/2001/XMLSchema#integer","dwSourceId":"player_match_sk"},{"name":"playermatch_key","title":"PlayerMatch_key","type":"number","rdfType":"http://www.w3.org/2001/XMLSchema#decimal","dwSourceId":"playermatch_key"},{"name":"match_id","title":"Match_Id","type":"integer","rdfType":"http://www.w3.org/2001/XMLSchema#integer","dwSourceId":"match_id"},{"name":"player_id","title":"Player_Id","type":"integer","rdfType":"http://www.w3.org/2001/XMLSchema#integer","dwSourceId":"player_id"},{"name":"player_name","title":"Player_Name","type":"string","rdfType":"http://www.w3.org/2001/XMLSchema#string","dwSourceId":"player_name"},{"name":"dob","title":"DOB","type":"date","rdfType":"http://www.w3.org/2001/XMLSchema#date","dwSourceId":"dob"},{"name":"batting_hand","title":"Batting_hand","type":"string","rdfType":"http://www.w3.org/2001/XMLSchema#string","dwSourceId":"batting_hand"},{"name":"bowling_skill","title":"Bowling_skill","type":"string","rdfType":"http://www.w3.org/2001/XMLSchema#string","dwSourceId":"bowling_skill"},{"name":"country_name","title":"Country_Name","type":"string","rdfType":"http://www.w3.org/2001/XMLSchema#string","dwSourceId":"country_name"},{"name":"role_desc","title":"Role_Desc","type":"string","rdfType":"http://www.w3.org/2001/XMLSchema#string","dwSourceId":"role_desc"},{"name":"player_team","title":"Player_team","type":"string","rdfType":"http://www.w3.org/2001/XMLSchema#string","dwSourceId":"player_team"},{"name":"opposit_team","title":"Opposit_Team","type":"string","rdfType":"http://www.w3.org/2001/XMLSchema#string","dwSourceId":"opposit_team"},{"name":"season_year","title":"Season_year","type":"gyear","rdfType":"http://www.w3.org/2001/XMLSchema#gYear","dwSourceId":"season_year"},{"name":"is_manofthematch","title":"is_manofThematch","type":"boolean","rdfType":"http://www.w3.org/2001/XMLSchema#boolean","dwSourceId":"is_manofthematch"},{"name":"age_as_on_match","title":"Age_As_on_match","type":"integer","rdfType":"http://www.w3.org/2001/XMLSchema#integer","dwSourceId":"age_as_on_match"},{"name":"isplayers_team_won","title":"IsPlayers_Team_won","type":"boolean","rdfType":"http://www.w3.org/2001/XMLSchema#boolean","dwSourceId":"isplayers_team_won"},{"name":"batting_status","title":"Batting_Status","type":"string","rdfType":"http://www.w3.org/2001/XMLSchema#string","dwSourceId":"batting_status"},{"name":"bowling_status","title":"Bowling_Status","type":"string","rdfType":"http://www.w3.org/2001/XMLSchema#string","dwSourceId":"bowling_status"},{"name":"player_captain","title":"Player_Captain","type":"string","rdfType":"http://www.w3.org/2001/XMLSchema#string","dwSourceId":"player_captain"},{"name":"opposit_captain","title":"Opposit_captain","type":"string","rdfType":"http://www.w3.org/2001/XMLSchema#string","dwSourceId":"opposit_captain"},{"name":"player_keeper","title":"Player_keeper","type":"string","rdfType":"http://www.w3.org/2001/XMLSchema#string","dwSourceId":"player_keeper"},{"name":"opposit_keeper","title":"Opposit_keeper","type":"string","rdfType":"http://www.w3.org/2001/XMLSchema#string","dwSourceId":"opposit_keeper"}]},"path":"data/player_match.csv","format":"csv"},{"name":"team","schema":{"fields":[{"name":"team_sk","title":"Team_SK","type":"integer","rdfType":"http://www.w3.org/2001/XMLSchema#integer","dwSourceId":"team_sk"},{"name":"team_id","title":"Team_Id","type":"integer","rdfType":"http://www.w3.org/2001/XMLSchema#integer","dwSourceId":"team_id"},{"name":"team_name","title":"Team_Name","type":"string","rdfType":"http://www.w3.org/2001/XMLSchema#string","dwSourceId":"team_name"}]},"path":"data/team.csv","format":"csv"},{"name":"original/Ball_By_Ball.csv","path":"original/Ball_By_Ball.csv","format":"csv","mediatype":"text/csv","bytes":25099132},{"name":"original/Match.csv","path":"original/Match.csv","format":"csv","mediatype":"text/csv","bytes":113358},{"name":"original/Player.csv","path":"original/Player.csv","format":"csv","mediatype":"text/csv","bytes":34614},{"name":"original/Player_match.csv","path":"original/Player_match.csv","format":"csv","mediatype":"text/csv","bytes":2664692},{"name":"original/Team.csv","path":"original/Team.csv","format":"csv","mediatype":"text/csv","bytes":343},{"name":"original/workspace","path":"original/workspace","format":"","mediatype":"application/octet-stream","bytes":16014}],"keywords":["ipl","ipl10","cricket","kohli","rohit","india","indian premier league","rcb","mi","csk","rr","delhi daredevils","kings xi punjab","karnataka","sachin","t20","dhoni","pant"]}